{"cameraMode":{"drawMode":2,"name":"Shaded Wireframe","section":"Shading Mode"},"sceneLighting":false,"audioPlay":false,"sceneViewState":{"showFog":true,"showMaterialUpdate":false,"showSkybox":false,"showFlares":true,"showImageEffects":true,"showParticleSystems":true},"in2DMode":false,"pivot":{"x":0.34130799770355227,"y":0.1205538809299469,"z":0.00048828125},"rotation":{"x":0.17396149039268495,"y":-0.3529951870441437,"z":0.06697434186935425,"w":0.9168965816497803},"size":1.5946009159088135,"orthographic":true}