{"cameraMode":{"drawMode":2,"name":"Shaded Wireframe","section":"Shading Mode"},"sceneLighting":true,"audioPlay":false,"sceneViewState":{"showFog":true,"showMaterialUpdate":false,"showSkybox":true,"showFlares":true,"showImageEffects":true,"showParticleSystems":true},"in2DMode":false,"pivot":{"x":-0.09555704891681671,"y":0.1640625,"z":0.15924537181854249},"rotation":{"x":0.2566978931427002,"y":0.1614443063735962,"z":-0.04353593289852142,"w":0.9519211649894714},"size":3.3119285106658937,"orthographic":true}