{"cameraMode":{"drawMode":2,"name":"Shaded Wireframe","section":"Shading Mode"},"sceneLighting":true,"audioPlay":false,"sceneViewState":{"showFog":true,"showMaterialUpdate":false,"showSkybox":true,"showFlares":true,"showImageEffects":true,"showParticleSystems":true},"in2DMode":false,"pivot":{"x":0.26774999499320986,"y":-0.10593748092651367,"z":0.0004999637603759766},"rotation":{"x":0.25661590695381167,"y":-0.12856902182102204,"z":0.03446342051029205,"w":0.9573306441307068},"size":1.597121000289917,"orthographic":true}