{"cameraMode":{"drawMode":2,"name":"Shaded Wireframe","section":"Shading Mode"},"sceneLighting":true,"audioPlay":false,"sceneViewState":{"showFog":true,"showMaterialUpdate":false,"showSkybox":true,"showFlares":true,"showImageEffects":true,"showParticleSystems":true},"in2DMode":false,"pivot":{"x":13.445453643798829,"y":-0.8359375,"z":8.571044921875},"rotation":{"x":0.6789982914924622,"y":0.00110140279866755,"z":-0.0010183791164308787,"w":0.7341391444206238},"size":14.650113105773926,"orthographic":true}